Workbook

Sheet 00_HuongDan
B3: BUỔI 3 · DỰ BÁO ĐẦU TIÊN VÀ ĐO SAI SỐ
B4: ERX · Demand Planning & Forecasting in Practice · BẢN HỌC VIÊN · Thư Nguyễn · thu.minh090997@gmail.com
B6: Mục tiêu
B7: • | C7: Làm 3 dự báo mốc: Naive, Seasonal Naive, Moving Average 3 tháng.
B8: • | C8: Chia dữ liệu: 30 tháng TRAIN (10/2023–03/2026) và 6 tháng TEST (04–09/2026); chỉ chấm trên TEST.
B9: • | C9: Tính ME (Bias), MAE, RMSE, MAPE, WMAPE, MASE và giải thích mỗi thước đo trả lời câu hỏi gì.
B10: • | C10: Viết báo cáo độ chính xác 5 dòng cho trưởng phòng.
B12: Nhiệm vụ
B13: Sheet | C13: Việc cần làm | D13: Thời lượng
B14: Data | C14: Nhu cầu ĐÃ LÀM SẠCH (bản chuẩn của lớp sau Buổi 2) cho 6 chuỗi; cột thang đo MASE đã cho sẵn công thức mẫu. | D14: 3'
B15: Bai1_DuBao_Test | C15: Điền dự báo 3 phương pháp cho 6 tháng test (dự báo chốt tại cuối 03/2026, không dùng số thực tế của test) và sai số e. | D15: 20'
B16: Bai2_BangSaiSo | C16: Tính 6 thước đo cho 6 chuỗi × 3 phương pháp; xếp hạng; quan sát MAPE của H02. | D16: 20'
B17: Bai3_BaoCao5Dong | C17: Viết 5 dòng: kết luận, con số, phương pháp đề xuất, cảnh báo, việc cần làm. | D17: 10'
B18: MoRong_ChiPhi | C18: (Case Bếp Bánh Sáng Mai) Dự báo chính xác hơn có rẻ hơn không? So MAE với chi phí thiếu/dư. | D18: 10'+
B20: Dữ liệu
C21: Bảng demand_clean: S01 giữ nguyên tháng sự kiện 06/2024 (nằm trong train). H02 là mã HoReCa rời rạc.
B23: Quy ước màu
B24: Ví dụ 123 | C24: Ô nhiệm vụ: học viên điền công thức (rê chuột xem gợi ý trong comment)
B25: Ví dụ 123 | C25: Chữ xanh dương trên nền vàng: tham số/giả định có thể thay đổi
B26: Ví dụ 123 | C26: Nền xanh nhạt: công thức đáp án (chỉ có ở bản đáp án)
B27: Ví dụ 123 | C27: Chữ xanh lá: liên kết từ sheet khác
B29: Ghi chú
B30: • | C30: Quy ước e = Actual − Forecast. ME > 0: dự báo thấp (under-forecast).
B31: • | C31: Dự báo chốt tại origin = cuối train; cả 6 tháng test dùng cùng một bộ thông tin (giống thực tế khi chốt kế hoạch).
B32: • | C32: MAPE bỏ qua tháng actual = 0 (không chia được) — đó cũng là lý do MAPE không phù hợp với mã rời rạc.
B34: Quy ước toàn khóa: e = Actual − Forecast (e > 0: dự báo thấp). Tiền: nghìn đồng nếu không ghi khác. Dữ liệu Mekong Bloom Foods là công ty GIẢ ĐỊNH phục vụ giảng dạy.

Sheet Data
A1: Dữ liệu nhu cầu đã làm sạch
A2: Dòng 5–34: TRAIN · Dòng 35–40: TEST (tô xanh nhạt).
A4: Tháng | B4: Phần | C4: N01 GT | D4: N02 GT | E4: S01 GT | F4: B01 GT | G4: S05 GT | H4: H02 GT | I4: |Δ| N01 GT | J4: |Δ| N02 GT | K4: |Δ| S01 GT | L4: |Δ| B01 GT | M4: |Δ| S05 GT | N4: |Δ| H02 GT
A5: 2023-10 | B5: Train | C5: 49518 | D5: 19251 | E5: 8455 | F5: 9030 | G5: 2749 | H5: 418
A6: 2023-11 | B6: Train | C6: 39293 | D6: 19488 | E6: 8881 | F6: 10818 | G6: 2804 | H6: 0 | I6: =ABS(C6-C5) -> 10225 | J6: =ABS(D6-D5) -> 237 | K6: =ABS(E6-E5) -> 426 | L6: =ABS(F6-F5) -> 1788 | M6: =ABS(G6-G5) -> 55 | N6: =ABS(H6-H5) -> 418
A7: 2023-12 | B7: Train | C7: 36704 | D7: 15801 | E7: 9215 | F7: 9463 | G7: 2393 | H7: 211 | I7: =ABS(C7-C6) -> 2589 | J7: =ABS(D7-D6) -> 3687 | K7: =ABS(E7-E6) -> 334 | L7: =ABS(F7-F6) -> 1355 | M7: =ABS(G7-G6) -> 411 | N7: =ABS(H7-H6) -> 211
A8: 2024-01 | B8: Train | C8: 46985 | D8: 18541 | E8: 12879 | F8: 7528 | G8: 2325 | H8: 0 | I8: =ABS(C8-C7) -> 10281 | J8: =ABS(D8-D7) -> 2740 | K8: =ABS(E8-E7) -> 3664 | L8: =ABS(F8-F7) -> 1935 | M8: =ABS(G8-G7) -> 68 | N8: =ABS(H8-H7) -> 211
A9: 2024-02 | B9: Train | C9: 40022 | D9: 14046 | E9: 8537 | F9: 10148 | G9: 1766 | H9: 181 | I9: =ABS(C9-C8) -> 6963 | J9: =ABS(D9-D8) -> 4495 | K9: =ABS(E9-E8) -> 4342 | L9: =ABS(F9-F8) -> 2620 | M9: =ABS(G9-G8) -> 559 | N9: =ABS(H9-H8) -> 181
A10: 2024-03 | B10: Train | C10: 39799 | D10: 15092 | E10: 10625 | F10: 11681 | G10: 2252 | H10: 0 | I10: =ABS(C10-C9) -> 223 | J10: =ABS(D10-D9) -> 1046 | K10: =ABS(E10-E9) -> 2088 | L10: =ABS(F10-F9) -> 1533 | M10: =ABS(G10-G9) -> 486 | N10: =ABS(H10-H9) -> 181
A11: 2024-04 | B11: Train | C11: 38450 | D11: 16100 | E11: 8777 | F11: 15566 | G11: 2282 | H11: 655 | I11: =ABS(C11-C10) -> 1349 | J11: =ABS(D11-D10) -> 1008 | K11: =ABS(E11-E10) -> 1848 | L11: =ABS(F11-F10) -> 3885 | M11: =ABS(G11-G10) -> 30 | N11: =ABS(H11-H10) -> 655
A12: 2024-05 | B12: Train | C12: 38657 | D12: 13428 | E12: 9354 | F12: 16912 | G12: 2550 | H12: 0 | I12: =ABS(C12-C11) -> 207 | J12: =ABS(D12-D11) -> 2672 | K12: =ABS(E12-E11) -> 577 | L12: =ABS(F12-F11) -> 1346 | M12: =ABS(G12-G11) -> 268 | N12: =ABS(H12-H11) -> 655
A13: 2024-06 | B13: Train | C13: 39981 | D13: 18158 | E13: 17037 | F13: 17536 | G13: 2386 | H13: 101 | I13: =ABS(C13-C12) -> 1324 | J13: =ABS(D13-D12) -> 4730 | K13: =ABS(E13-E12) -> 7683 | L13: =ABS(F13-F12) -> 624 | M13: =ABS(G13-G12) -> 164 | N13: =ABS(H13-H12) -> 101
A14: 2024-07 | B14: Train | C14: 39408 | D14: 21518 | E14: 7025 | F14: 16688 | G14: 2661 | H14: 163 | I14: =ABS(C14-C13) -> 573 | J14: =ABS(D14-D13) -> 3360 | K14: =ABS(E14-E13) -> 10012 | L14: =ABS(F14-F13) -> 848 | M14: =ABS(G14-G13) -> 275 | N14: =ABS(H14-H13) -> 62
A15: 2024-08 | B15: Train | C15: 53647 | D15: 19379 | E15: 8800 | F15: 15900 | G15: 2431 | H15: 0 | I15: =ABS(C15-C14) -> 14239 | J15: =ABS(D15-D14) -> 2139 | K15: =ABS(E15-E14) -> 1775 | L15: =ABS(F15-F14) -> 788 | M15: =ABS(G15-G14) -> 230 | N15: =ABS(H15-H14) -> 163
A16: 2024-09 | B16: Train | C16: 51728 | D16: 14912 | E16: 8120 | F16: 15632 | G16: 2705 | H16: 0 | I16: =ABS(C16-C15) -> 1919 | J16: =ABS(D16-D15) -> 4467 | K16: =ABS(E16-E15) -> 680 | L16: =ABS(F16-F15) -> 268 | M16: =ABS(G16-G15) -> 274 | N16: =ABS(H16-H15) -> 0
A17: 2024-10 | B17: Train | C17: 48357 | D17: 15064 | E17: 8983 | F17: 13037 | G17: 2835 | H17: 116 | I17: =ABS(C17-C16) -> 3371 | J17: =ABS(D17-D16) -> 152 | K17: =ABS(E17-E16) -> 863 | L17: =ABS(F17-F16) -> 2595 | M17: =ABS(G17-G16) -> 130 | N17: =ABS(H17-H16) -> 116
... A34: 2026-03 | B34: Train | C34: 43881 | D34: 15198 | E34: 9078 | F34: 12134 | G34: 2420 | H34: 166 | I34: =ABS(C34-C33) -> 5299 | J34: =ABS(D34-D33) -> 2357 | K34: =ABS(E34-E33) -> 2020 | L34: =ABS(F34-F33) -> 1370 | M34: =ABS(G34-G33) -> 344 | N34: =ABS(H34-H33) -> 166
A35: 2026-04 | B35: Test | C35: 44237 | D35: 16595 | E35: 9555 | F35: 18378 | G35: 2487 | H35: 0
A36: 2026-05 | B36: Test | C36: 45996 | D36: 19884 | E36: 9669 | F36: 18886 | G36: 2193 | H36: 21
A37: 2026-06 | B37: Test | C37: 44430 | D37: 20693 | E37: 9764 | F37: 21194 | G37: 2228 | H37: 199
A38: 2026-07 | B38: Test | C38: 42911 | D38: 16449 | E38: 8834 | F38: 19072 | G38: 2262 | H38: 0
A39: 2026-08 | B39: Test | C39: 41679 | D39: 18455 | E39: 9157 | F39: 18180 | G39: 2349 | H39: 0
A40: 2026-09 | B40: Test | C40: 48338 | D40: 20273 | E40: 11134 | F40: 14872 | G40: 2670 | H40: 184
A42: Thang đo MASE | B42: MAE Naive trên train | C42: =AVERAGE(I6:I34) -> 5313.4828 | D42: =AVERAGE(J6:J34) -> 2815.3448 | E42: =AVERAGE(K6:K34) -> 2344.0345 | F42: =AVERAGE(L6:L34) -> 1974.5517 | G42: =AVERAGE(M6:M34) -> 427.55172 | H42: =AVERAGE(N6:N34) -> 177.7931

Sheet Bai1_DuBao_Test
A1: Bài 1 · Dự báo 6 tháng TEST bằng 3 phương pháp mốc
A2: Origin = 03/2026. Naive: số tháng 03/2026. Seasonal Naive: cùng tháng năm trước. MA(3): TB 01–03/2026.
A4: Chuỗi | B4: Tháng | C4: Actual | D4: F Naive | E4: F Seasonal Naive | F4: F MA(3) | G4: e Naive | H4: e S.Naive | I4: e MA(3)
A5: N01 GT | B5: 2026-04 | C5: =Data!C35 -> 44237
A6: N01 GT | B6: 2026-05 | C6: =Data!C36 -> 45996
A7: N01 GT | B7: 2026-06 | C7: =Data!C37 -> 44430
A8: N01 GT | B8: 2026-07 | C8: =Data!C38 -> 42911
A9: N01 GT | B9: 2026-08 | C9: =Data!C39 -> 41679
A10: N01 GT | B10: 2026-09 | C10: =Data!C40 -> 48338
A11: N02 GT | B11: 2026-04 | C11: =Data!D35 -> 16595
A12: N02 GT | B12: 2026-05 | C12: =Data!D36 -> 19884
A13: N02 GT | B13: 2026-06 | C13: =Data!D37 -> 20693
A14: N02 GT | B14: 2026-07 | C14: =Data!D38 -> 16449
A15: N02 GT | B15: 2026-08 | C15: =Data!D39 -> 18455
A16: N02 GT | B16: 2026-09 | C16: =Data!D40 -> 20273
A17: S01 GT | B17: 2026-04 | C17: =Data!E35 -> 9555
A18: S01 GT | B18: 2026-05 | C18: =Data!E36 -> 9669
A19: S01 GT | B19: 2026-06 | C19: =Data!E37 -> 9764
A20: S01 GT | B20: 2026-07 | C20: =Data!E38 -> 8834
A21: S01 GT | B21: 2026-08 | C21: =Data!E39 -> 9157
A22: S01 GT | B22: 2026-09 | C22: =Data!E40 -> 11134
A23: B01 GT | B23: 2026-04 | C23: =Data!F35 -> 18378
A24: B01 GT | B24: 2026-05 | C24: =Data!F36 -> 18886
A25: B01 GT | B25: 2026-06 | C25: =Data!F37 -> 21194
A26: B01 GT | B26: 2026-07 | C26: =Data!F38 -> 19072
A27: B01 GT | B27: 2026-08 | C27: =Data!F39 -> 18180
A28: B01 GT | B28: 2026-09 | C28: =Data!F40 -> 14872
A29: S05 GT | B29: 2026-04 | C29: =Data!G35 -> 2487
A30: S05 GT | B30: 2026-05 | C30: =Data!G36 -> 2193
A31: S05 GT | B31: 2026-06 | C31: =Data!G37 -> 2228
A32: S05 GT | B32: 2026-07 | C32: =Data!G38 -> 2262
A33: S05 GT | B33: 2026-08 | C33: =Data!G39 -> 2349
A34: S05 GT | B34: 2026-09 | C34: =Data!G40 -> 2670
A35: H02 GT | B35: 2026-04 | C35: =Data!H35 -> 0
A36: H02 GT | B36: 2026-05 | C36: =Data!H36 -> 21
A37: H02 GT | B37: 2026-06 | C37: =Data!H37 -> 199
A38: H02 GT | B38: 2026-07 | C38: =Data!H38 -> 0
A39: H02 GT | B39: 2026-08 | C39: =Data!H39 -> 0
A40: H02 GT | B40: 2026-09 | C40: =Data!H40 -> 184

Sheet Bai2_BangSaiSo
A1: Bài 2 · Bảng sai số trên TEST
A2: Mỗi dòng: một chuỗi × một phương pháp. Hạng = thứ hạng WMAPE trong cùng chuỗi (1 = tốt nhất).
A4: Chuỗi | B4: Phương pháp | C4: ME (Bias) | D4: MAE | E4: RMSE | F4: MAPE | G4: WMAPE | H4: MASE | I4: Hạng
A5: N01 GT | B5: Naive
A6: N01 GT | B6: Seasonal Naive
A7: N01 GT | B7: MA(3)
A8: N02 GT | B8: Naive
A9: N02 GT | B9: Seasonal Naive
A10: N02 GT | B10: MA(3)
A11: S01 GT | B11: Naive
A12: S01 GT | B12: Seasonal Naive
A13: S01 GT | B13: MA(3)
A14: B01 GT | B14: Naive
A15: B01 GT | B15: Seasonal Naive
A16: B01 GT | B16: MA(3)
... A22: H02 GT | B22: MA(3)
A24: Đọc kết quả: (1) Vì sao Naive thắng ở N01 nhưng thua đậm ở B01? (2) H02: MAPE vài trăm % nhưng MASE < 1 — tin thước đo nào? (3) ME âm/dương nói gì về cách đặt hàng?

Sheet Bai3_BaoCao5Dong
A1: Bài 3 · Báo cáo độ chính xác 5 dòng gửi trưởng phòng
A2: Viết ngắn, có con số, có hành động. Bản đáp án có một bài mẫu.
A4: Dòng | B4: Nội dung
A5: 1. Kết luận
A6: 2. Con số chính
A7: 3. Đề xuất
A8: 4. Cảnh báo
A9: 5. Việc tiếp theo

Sheet MoRong_ChiPhi
A1: Mở rộng · Dự báo chính xác hơn nhưng tốn tiền hơn? (Bếp Bánh Sáng Mai)
A2: Làm bánh một lần/ngày, hết ngày thanh lý. Thiếu 1 bánh mất 30, dư 1 bánh mất 5 (nghìn đồng).
A4: Ngày | B4: Nhu cầu | C4: F A | D4: F B | E4: e A | F4: e B | G4: Chi phí A | H4: Chi phí B | K4: Tham số | L4: Giá trị
A5: 1 | B5: 100 | C5: 90 | D5: 115 | K5: Chi phí thiếu / bánh | L5: 30
A6: 2 | B6: 120 | C6: 110 | D6: 135 | K6: Chi phí dư ròng / bánh | L6: 5
A7: 3 | B7: 80 | C7: 70 | D7: 95
A8: 4 | B8: 140 | C8: 130 | D8: 155
A9: 5 | B9: 100 | C9: 90 | D9: 115
A10: 6 | B10: 160 | C10: 150 | D10: 175
A12: MAE
A13: Tổng chi phí
A15: A có MAE thấp hơn nhưng tốn gấp đôi chi phí: khi thiếu đắt hơn dư nhiều lần, nên cố ý dự báo/đặt cao hơn (bias có chủ đích → Buổi 9: mức phục vụ).
