Workbook

Sheet 00_HuongDan
B3: BUỔI 5 · MÙA VỤ & HIỆU ỨNG TẾT ÂM LỊCH
B4: ERX · Demand Planning & Forecasting in Practice · BẢN HỌC VIÊN · Thư Nguyễn · thu.minh090997@gmail.com
B6: Mục tiêu
B7: • | C7: Tính chỉ số mùa vụ bằng tỷ lệ so với trung bình trượt trung tâm 2×12, chuẩn hóa trung bình = 1.
B8: • | C8: Khử mùa vụ để so sánh công bằng; dự báo 12 tháng = xu hướng × chỉ số mùa vụ.
B9: • | C9: Dựng Holt-Winters nhân và so với Seasonal Naive trên test.
B10: • | C10: Xử lý Tết âm lịch dịch tháng: gộp T12–T2, tách 'phần Tết', chia lại theo lịch Tết của năm cần dự báo.
B12: Nhiệm vụ
B13: Sheet | C13: Việc cần làm | D13: Thời lượng
B14: Bai1_ChiSo | C14: Chỉ số mùa vụ cho S01 GT (Tết) và B01 GT (mùa hè), dùng chuỗi đã loại sự kiện một lần. | D14: 15'
B15: Bai2_DuBao12T | C15: B01 GT: khử mùa vụ → xu hướng tuyến tính → nhân lại chỉ số → 12 tháng 10/2026–09/2027. | D15: 10'
B16: Bai3_HoltWinters | C16: B01 GT: Holt-Winters nhân với tham số cho sẵn; chấm test, so Seasonal Naive. | D16: 15'
B17: Bai4_Tet | C17: S01 GT: Tết 2027 (06/02) sớm hơn Tết 2026 (17/02) 11 ngày → dự báo T12/2026–T2/2027. | D17: 15'
B18: MoRong_PreBuild | C18: Dây chuyền nước chấm: đỉnh Tết vượt năng lực → sản xuất trước (pre-build) bao nhiêu, khi nào? | D18: 5'+
B20: Dữ liệu
C21: demand_clean (cột demand_ex_event) cho S01 GT, B01 GT; bảng calendar (tỷ trọng cửa sổ trước/sau Tết).
B23: Quy ước màu
B24: Ví dụ 123 | C24: Ô nhiệm vụ: học viên điền công thức (rê chuột xem gợi ý trong comment)
B25: Ví dụ 123 | C25: Chữ xanh dương trên nền vàng: tham số/giả định có thể thay đổi
B26: Ví dụ 123 | C26: Nền xanh nhạt: công thức đáp án (chỉ có ở bản đáp án)
B27: Ví dụ 123 | C27: Chữ xanh lá: liên kết từ sheet khác
B29: Ghi chú
B30: • | C30: Chuỗi dùng: demand_ex_event (đã nội suy tháng sự kiện 06–07/2024 của S01) — nếu không loại, chỉ số tháng 6 bị thổi phồng.
B31: • | C31: Excel 365 có hàm FORECAST.ETS (Holt-Winters tự động). Bài này dựng tay để hiểu bên trong hàm làm gì.
B32: • | C32: Mọi giả định (tăng trưởng 3%, sụt sau Tết 15%) phải ghi vào nhật ký giả định.
B34: Quy ước toàn khóa: e = Actual − Forecast (e > 0: dự báo thấp). Tiền: nghìn đồng nếu không ghi khác. Dữ liệu Mekong Bloom Foods là công ty GIẢ ĐỊNH phục vụ giảng dạy.

Sheet Bai1_ChiSo
A1: Bài 1 · Chỉ số mùa vụ (ratio-to-moving-average)
A2: CMA 2×12 = (TB 12 tháng kết thúc tại t+6 + TB 12 tháng kết thúc tại t+5)/2 → dòng đầu/cuối 6 tháng để trống.
A4: Tháng | B4: Tháng số | C4: S01 GT | D4: CMA S01 | E4: Tỷ lệ S01 | G4: B01 GT | H4: CMA B01 | I4: Tỷ lệ B01 | K4: Tháng | L4: TB tỷ lệ S01 | M4: Chỉ số S01 | N4: TB tỷ lệ B01 | O4: Chỉ số B01
A5: 2023-10 | B5: 10 | C5: 8455 | G5: 9030 | K5: T1
A6: 2023-11 | B6: 11 | C6: 8881 | G6: 10818 | K6: T2
A7: 2023-12 | B7: 12 | C7: 9215 | G7: 9463 | K7: T3
A8: 2024-01 | B8: 1 | C8: 12879 | G8: 7528 | K8: T4
A9: 2024-02 | B9: 2 | C9: 8537 | G9: 10148 | K9: T5
A10: 2024-03 | B10: 3 | C10: 10625 | G10: 11681 | K10: T6
A11: 2024-04 | B11: 4 | C11: 8777 | G11: 15566 | K11: T7
A12: 2024-05 | B12: 5 | C12: 9354 | G12: 16912 | K12: T8
A13: 2024-06 | B13: 6 | C13: 9169 | G13: 17536 | K13: T9
A14: 2024-07 | B14: 7 | C14: 8985 | G14: 16688 | K14: T10
A15: 2024-08 | B15: 8 | C15: 8800 | G15: 15900 | K15: T11
A16: 2024-09 | B16: 9 | C16: 8120 | G16: 15632 | K16: T12
A17: 2024-10 | B17: 10 | C17: 8983 | G17: 13037
A18: 2024-11 | B18: 11 | C18: 9353 | G18: 9100 | K18: Kiểm tra: TB chỉ số
A19: 2024-12 | B19: 12 | C19: 10687 | G19: 10301 | K19: Biên độ max/min
A20: 2025-01 | B20: 1 | C20: 15581 | G20: 11166
A21: 2025-02 | B21: 2 | C21: 7167 | G21: 11732
A22: 2025-03 | B22: 3 | C22: 9425 | G22: 12308
A23: 2025-04 | B23: 4 | C23: 9428 | G23: 16557
A24: 2025-05 | B24: 5 | C24: 8426 | G24: 19041
A25: 2025-06 | B25: 6 | C25: 9820 | G25: 22664
A26: 2025-07 | B26: 7 | C26: 8838 | G26: 17202
A27: 2025-08 | B27: 8 | C27: 8873 | G27: 14835
A28: 2025-09 | B28: 9 | C28: 10556 | G28: 12569
A29: 2025-10 | B29: 10 | C29: 10977 | G29: 10881
A30: 2025-11 | B30: 11 | C30: 9901 | G30: 9440
A31: 2025-12 | B31: 12 | C31: 9275 | G31: 7311
... A36: 2026-05 | B36: 5 | C36: 9669 | G36: 18886
A37: 2026-06 | B37: 6 | C37: 9764 | G37: 21194 | K37: S01: đỉnh tháng 1 (Tết) — nhưng Tết không cố định tháng! B01: mùa hè, biên độ lớn → mùa vụ NHÂN.
A38: 2026-07 | B38: 7 | C38: 8834 | G38: 19072
A39: 2026-08 | B39: 8 | C39: 9157 | G39: 18180
A40: 2026-09 | B40: 9 | C40: 11134 | G40: 14872

Sheet Bai2_DuBao12T
A1: Bài 2 · B01 GT: khử mùa vụ → xu hướng → dự báo 12 tháng
A2: Chỉ số lấy từ Bài 1 (cột O). Xu hướng: SLOPE/INTERCEPT trên chuỗi đã khử mùa vụ.
A4: Tháng | B4: t | C4: Tháng số | D4: Actual | E4: Chỉ số | F4: Đã khử mùa vụ | H4: Xu hướng
A5: 2023-10 | B5: 1 | C5: 10 | D5: =Bai1_ChiSo!G5 -> 9030 | H5: Hệ số góc (thùng/tháng)
A6: 2023-11 | B6: 2 | C6: 11 | D6: =Bai1_ChiSo!G6 -> 10818 | H6: Hệ số chặn
A7: 2023-12 | B7: 3 | C7: 12 | D7: =Bai1_ChiSo!G7 -> 9463 | H7: Tăng trưởng %/năm (≈)
A8: 2024-01 | B8: 4 | C8: 1 | D8: =Bai1_ChiSo!G8 -> 7528
A9: 2024-02 | B9: 5 | C9: 2 | D9: =Bai1_ChiSo!G9 -> 10148
A10: 2024-03 | B10: 6 | C10: 3 | D10: =Bai1_ChiSo!G10 -> 11681
A11: 2024-04 | B11: 7 | C11: 4 | D11: =Bai1_ChiSo!G11 -> 15566
A12: 2024-05 | B12: 8 | C12: 5 | D12: =Bai1_ChiSo!G12 -> 16912
A13: 2024-06 | B13: 9 | C13: 6 | D13: =Bai1_ChiSo!G13 -> 17536
A14: 2024-07 | B14: 10 | C14: 7 | D14: =Bai1_ChiSo!G14 -> 16688
A15: 2024-08 | B15: 11 | C15: 8 | D15: =Bai1_ChiSo!G15 -> 15900
A16: 2024-09 | B16: 12 | C16: 9 | D16: =Bai1_ChiSo!G16 -> 15632
A17: 2024-10 | B17: 13 | C17: 10 | D17: =Bai1_ChiSo!G17 -> 13037
A18: 2024-11 | B18: 14 | C18: 11 | D18: =Bai1_ChiSo!G18 -> 9100
A19: 2024-12 | B19: 15 | C19: 12 | D19: =Bai1_ChiSo!G19 -> 10301
... A40: 2026-09 | B40: 36 | C40: 9 | D40: =Bai1_ChiSo!G40 -> 14872
A42: Dự báo 12 tháng
A43: Tháng | B43: t | C43: Tháng số | D43: Xu hướng | E43: Chỉ số | F43: Dự báo
A44: 2026-10 | B44: 37 | C44: 10
A45: 2026-11 | B45: 38 | C45: 11
A46: 2026-12 | B46: 39 | C46: 12
A47: 2027-01 | B47: 40 | C47: 1
A48: 2027-02 | B48: 41 | C48: 2
A49: 2027-03 | B49: 42 | C49: 3
A50: 2027-04 | B50: 43 | C50: 4
A51: 2027-05 | B51: 44 | C51: 5
A52: 2027-06 | B52: 45 | C52: 6
A53: 2027-07 | B53: 46 | C53: 7
A54: 2027-08 | B54: 47 | C54: 8
A55: 2027-09 | B55: 48 | C55: 9
A57: Tổng 12 tháng

Sheet Bai3_HoltWinters
A1: Bài 3 · Holt-Winters NHÂN cho B01 GT
A2: Năm đầu (12 tháng) dùng để khởi tạo. Từ tháng 13: L, T, S cập nhật. Tham số đã tối ưu trên train (Python ≈ Solver).
A4: Tháng | B4: Actual | C4: L | D4: T | E4: S | F4: F | G4: e | I4: Tham số | J4: Giá trị
A5: 2023-10 | B5: =Bai1_ChiSo!G5 -> 9030 | E5: =B5/AVERAGE($B$5:$B$16) -> 0.69062217 | I5: α (mức) | J5: 0
A6: 2023-11 | B6: =Bai1_ChiSo!G6 -> 10818 | E6: =B6/AVERAGE($B$5:$B$16) -> 0.82736995 | I6: β (xu hướng) | J6: 0
A7: 2023-12 | B7: =Bai1_ChiSo!G7 -> 9463 | E7: =B7/AVERAGE($B$5:$B$16) -> 0.72373838 | I7: γ (mùa vụ) | J7: 0.205
A8: 2024-01 | B8: =Bai1_ChiSo!G8 -> 7528 | E8: =B8/AVERAGE($B$5:$B$16) -> 0.57574792
A9: 2024-02 | B9: =Bai1_ChiSo!G9 -> 10148 | E9: =B9/AVERAGE($B$5:$B$16) -> 0.77612777
A10: 2024-03 | B10: =Bai1_ChiSo!G10 -> 11681 | E10: =B10/AVERAGE($B$5:$B$16) -> 0.89337293 | I10: Kết quả trên test
A11: 2024-04 | B11: =Bai1_ChiSo!G11 -> 15566 | E11: =B11/AVERAGE($B$5:$B$16) -> 1.1905011 | I11: WMAPE Holt-Winters
A12: 2024-05 | B12: =Bai1_ChiSo!G12 -> 16912 | E12: =B12/AVERAGE($B$5:$B$16) -> 1.2934443 | I12: WMAPE Seasonal Naive
A13: 2024-06 | B13: =Bai1_ChiSo!G13 -> 17536 | E13: =B13/AVERAGE($B$5:$B$16) -> 1.3411684 | I13: WMAPE Naive (Buổi 3)
A14: 2024-07 | B14: =Bai1_ChiSo!G14 -> 16688 | E14: =B14/AVERAGE($B$5:$B$16) -> 1.2763126
A15: 2024-08 | B15: =Bai1_ChiSo!G15 -> 15900 | E15: =B15/AVERAGE($B$5:$B$16) -> 1.2160457 | I15: Thử: đổi γ = 0 (mùa vụ cố định) hoặc γ = 0,8 rồi quan sát WMAPE.
A16: 2024-09 | B16: =Bai1_ChiSo!G16 -> 15632 | C16: =AVERAGE(B5:B16) -> 13075.167 | D16: =(AVERAGE(B17:B28)-AVERAGE(B5:B16))/12 -> 94.513889 | E16: =B16/AVERAGE($B$5:$B$16) -> 1.1955488
A17: 2024-10 | B17: =Bai1_ChiSo!G17 -> 13037
A18: 2024-11 | B18: =Bai1_ChiSo!G18 -> 9100
A19: 2024-12 | B19: =Bai1_ChiSo!G19 -> 10301
A20: 2025-01 | B20: =Bai1_ChiSo!G20 -> 11166
A21: 2025-02 | B21: =Bai1_ChiSo!G21 -> 11732
A22: 2025-03 | B22: =Bai1_ChiSo!G22 -> 12308
A23: 2025-04 | B23: =Bai1_ChiSo!G23 -> 16557
A24: 2025-05 | B24: =Bai1_ChiSo!G24 -> 19041
A25: 2025-06 | B25: =Bai1_ChiSo!G25 -> 22664
A26: 2025-07 | B26: =Bai1_ChiSo!G26 -> 17202
A27: 2025-08 | B27: =Bai1_ChiSo!G27 -> 14835
A28: 2025-09 | B28: =Bai1_ChiSo!G28 -> 12569
... A40: 2026-09 | B40: =Bai1_ChiSo!G40 -> 14872

Sheet Bai4_Tet
A1: Bài 4 · S01 Nước mắm GT: Tết dịch tháng
A2: Cửa sổ mua sắm = 35 ngày trước Tết; sụt sau Tết = 15 ngày sau Tết. Tỷ trọng lấy từ bảng calendar.
A4: Năm (Tết) | B4: Ngày Tết | C4: Trước Tết · T12 | D4: Trước Tết · T1 | E4: Trước Tết · T2 | F4: Sau Tết · T1 | G4: Sau Tết · T2
A5: 2024 | B5: 10/02/2024 | C5: 0 | D5: 0.7429 | E5: 0.2571 | F5: 0 | G5: 1
A6: 2025 | B6: 29/01/2025 | C6: 0.2 | D6: 0.8 | E6: 0 | F6: 0.2 | G6: 0.8
A7: 2026 | B7: 17/02/2026 | C7: 0 | D7: 0.5429 | E7: 0.4571 | F7: 0 | G7: 0.8
A8: 2027 | B8: 06/02/2027 | C8: 0 | D8: 0.8571 | E8: 0.1429 | F8: 0 | G8: 1
A10: Lịch sử: 'phần Tết' tính bằng số tháng-thường
A11: Năm | B11: T12+T1+T2 | C11: Mức thường (TB T3–T9) | D11: Phần Tết (tháng-thường)
A12: 2024
A13: 2025
A14: 2026
A15: Phần Tết trung bình (R)
A17: Giả định 2027
A18: Tăng trưởng mức thường 2027/2026 | B18: 0.03
A19: Mức sụt cho phần ngày sau Tết | B19: 0.15
A20: Mức thường 2027
A21: Phần Tết 2027 (thùng)
A23: Tháng | B23: Tỷ trọng trước Tết | C23: Tỷ trọng sau Tết | D23: Dự báo theo lịch Tết | E23: Cùng kỳ năm trước +3% | F23: Chênh lệch | G23: Ghi chú
A24: 2026-12 | B24: =C8 -> 0 | C24: 0
A25: 2027-01 | B25: =D8 -> 0.8571 | C25: =F8 -> 0
A26: 2027-02 | B26: =E8 -> 0.1429 | C26: =G8 -> 1 | G26: Tết 2027 sớm: tháng 2 gần như không còn ngày mua sắm Tết
A28: Kết luận mẫu: copy cùng kỳ năm trước làm tháng 2/2027 dư khoảng 2.400 thùng nước mắm (~27%). Tháng 1 hai cách gần nhau vì năm 2026 tháng 1 đã chứa 54% cửa sổ Tết.

Sheet MoRong_PreBuild
A1: Mở rộng · Pre-build cho đỉnh Tết — dây chuyền chiết rót nước chấm (S01, S02, S06N)
A2: Số nhu cầu là MINH HỌA (đã làm tròn từ dự báo của lớp). Năng lực từ bảng capacity.
A4: Chỉ tiêu | B4: 2026-10 | C4: 2026-11 | D4: 2026-12 | E4: 2027-01 | F4: 2027-02
A5: Nhu cầu chưa giới hạn | B5: 31000 | C5: 32500 | D5: 35000 | E5: 45500 | F5: 29000
A6: Năng lực thường | B6: 36400 | C6: 36400 | D6: 36400 | E6: 36400 | F6: 30800
A7: Năng lực tăng ca | B7: 3900 | C7: 3900 | D7: 3900 | E7: 3900 | F7: 3300
A8: Năng lực tối đa
A9: Thiếu (+) / dư (−)
A10: Pre-build cần chuyển về trước
A11: Kế hoạch sản xuất
A13: Gợi ý: phần thiếu tháng 1 phải sản xuất ở tháng 12 (hoặc 11) khi còn dư năng lực. Hạn dùng nước mắm 540 ngày nên pre-build an toàn; với mì (180 ngày) phải cân nhắc kỹ hơn.
