Workbook

Sheet 00_HuongDan
B3: BUỔI 6 · HỒI QUY, GIÁ VÀ KHUYẾN MÃI
B4: ERX · Demand Planning & Forecasting in Practice · BẢN HỌC VIÊN · Thư Nguyễn · thu.minh090997@gmail.com
B6: Mục tiêu
B7: • | C7: Ước lượng hồi quy nhiều biến bằng LINEST (hoặc Data Analysis → Regression).
B8: • | C8: Đọc hệ số, R², p-value ở mức 'biến này có đáng giữ không'.
B9: • | C9: Tách baseline và uplift; kiểm chứng đề xuất 'giảm 25%, tăng 110%' của Marketing bằng số.
B10: • | C10: Tính lãi gộp có/không khuyến mãi và uplift hòa vốn; dự báo sản phẩm mới bằng lấp đầy kênh + bán lặp lại.
B12: Nhiệm vụ
B13: Sheet | C13: Việc cần làm | D13: Thời lượng
B14: Bai1_HoiQuy | C14: K01 Snack khoai tây kênh MT: dựng bảng biến, chạy LINEST, điền bảng hệ số. | D14: 20'
B15: Bai2_BaselineUplift | C15: Tính giá trị khớp, baseline, uplift cho 36 tháng; xem biểu đồ. | D15: 10'
B16: Bai3_KM_T11 | C16: Dự báo 11–12/2026 với đợt giảm 25% đã duyệt; so với kỳ vọng Marketing. | D16: 10'
B17: Bai4_LaiGop | C17: Lãi gộp 2 tháng có/không KM, uplift hòa vốn; viết khuyến nghị 5 dòng. | D17: 10'
B18: Bai5_PhieuKM | C18: Mẫu phiếu thông tin khuyến mãi Demand Planner cần Marketing điền trước mỗi đợt. | D18: 5'
B19: MoRong_NPD | C19: N05 Mì trộn: tách lấp đầy kênh (pipeline fill) và bán lặp lại; so với kế hoạch ra mắt. | D19: 10'+
B21: Dữ liệu
C22: demand_clean K01 MT; promo_calendar (mức giảm giá); calendar (Tết). Giá/giá vốn từ sku_master (nghìn đồng/thùng).
B24: Quy ước màu
B25: Ví dụ 123 | C25: Ô nhiệm vụ: học viên điền công thức (rê chuột xem gợi ý trong comment)
B26: Ví dụ 123 | C26: Chữ xanh dương trên nền vàng: tham số/giả định có thể thay đổi
B27: Ví dụ 123 | C27: Nền xanh nhạt: công thức đáp án (chỉ có ở bản đáp án)
B28: Ví dụ 123 | C28: Chữ xanh lá: liên kết từ sheet khác
B30: Ghi chú
B31: • | C31: Biến giải thích phải BIẾT TRƯỚC tại thời điểm dự báo: lịch KM đã duyệt, lịch Tết, mùa vụ. Không dùng số truy cập web của chính tháng cần dự báo!
B32: • | C32: LINEST trả hệ số theo thứ tự NGƯỢC với cột X. Bảng hệ số đã ghi sẵn vị trí INDEX cho từng biến.
B33: • | C33: p-value < 0,05: giữ biến. Nhưng biến có ý nghĩa kinh doanh rõ (tháng sau KM) có thể giữ dù p hơi cao — ghi rõ lý do.
B35: Quy ước toàn khóa: e = Actual − Forecast (e > 0: dự báo thấp). Tiền: nghìn đồng nếu không ghi khác. Dữ liệu Mekong Bloom Foods là công ty GIẢ ĐỊNH phục vụ giảng dạy.

Sheet Bai1_HoiQuy
A1: Bài 1 · Hồi quy nhu cầu K01 kênh MT
A2: y = b0 + b1·t + b2·khai_giang + b3·tet_pre + b4·promo_depth + b5·post_promo + e
A4: Tháng | B4: t | C4: Khai giảng | D4: Trước Tết | E4: Mức giảm | F4: Sau KM | G4: y (thùng) | I4: Biến | J4: Hệ số | K4: Sai số chuẩn | L4: t | M4: p-value | N4: Giữ biến?
A5: 2023-10 | B5: 1 | C5: 0 | D5: 0 | E5: 0.25 | F5: 0 | G5: 5927 | I5: Hệ số chặn (b0)
A6: 2023-11 | B6: 2 | C6: 0 | D6: 0 | E6: 0 | F6: =IF(E5>0,1,0) -> 1 | G6: 3020 | I6: Xu hướng (t)
A7: 2023-12 | B7: 3 | C7: 0 | D7: 0 | E7: 0 | F7: =IF(E6>0,1,0) -> 0 | G7: 4719 | I7: Mùa khai giảng (T8–T9)
A8: 2024-01 | B8: 4 | C8: 0 | D8: 0.7429 | E8: 0 | F8: =IF(E7>0,1,0) -> 0 | G8: 3517 | I8: Tỷ trọng trước Tết
A9: 2024-02 | B9: 5 | C9: 0 | D9: 0.2571 | E9: 0.25 | F9: =IF(E8>0,1,0) -> 0 | G9: 6222 | I9: Mức giảm giá KM
A10: 2024-03 | B10: 6 | C10: 0 | D10: 0 | E10: 0 | F10: =IF(E9>0,1,0) -> 1 | G10: 2530 | I10: Tháng sau KM
A11: 2024-04 | B11: 7 | C11: 0 | D11: 0 | E11: 0 | F11: =IF(E10>0,1,0) -> 0 | G11: 3265
A12: 2024-05 | B12: 8 | C12: 0 | D12: 0 | E12: 0 | F12: =IF(E11>0,1,0) -> 0 | G12: 3532 | I12: R²
A13: 2024-06 | B13: 9 | C13: 0 | D13: 0 | E13: 0 | F13: =IF(E12>0,1,0) -> 0 | G13: 3586 | I13: R² hiệu chỉnh
A14: 2024-07 | B14: 10 | C14: 0 | D14: 0 | E14: 0 | F14: =IF(E13>0,1,0) -> 0 | G14: 3542 | I14: n (số quan sát) | J14: =COUNT(G5:G40) -> 36
A15: 2024-08 | B15: 11 | C15: 1 | D15: 0 | E15: 0 | F15: =IF(E14>0,1,0) -> 0 | G15: 4410 | I15: Bậc tự do (n − k − 1) | J15: =INDEX(LINEST($G$5:$G$40,$B$5:$F$40,TRUE(),TRUE()),4,2) -> 30
A16: 2024-09 | B16: 12 | C16: 1 | D16: 0 | E16: 0.25 | F16: =IF(E15>0,1,0) -> 0 | G16: 7911
A17: 2024-10 | B17: 13 | C17: 0 | D17: 0 | E17: 0 | F17: =IF(E16>0,1,0) -> 1 | G17: 2408 | I17: Diễn giải: mỗi 10% giảm giá tăng bao nhiêu thùng?
A18: 2024-11 | B18: 14 | C18: 0 | D18: 0 | E18: 0 | F18: =IF(E17>0,1,0) -> 0 | G18: 4036 | I18: Câu hỏi: hệ số 'tháng sau KM' âm nghĩa là gì? Vì sao p của nó cao hơn? Có nên bỏ?
A19: 2024-12 | B19: 15 | C19: 0 | D19: 0.2 | E19: 0.25 | F19: =IF(E18>0,1,0) -> 0 | G19: 7727
A20: 2025-01 | B20: 16 | C20: 0 | D20: 0.8 | E20: 0 | F20: =IF(E19>0,1,0) -> 1 | G20: 4482
A21: 2025-02 | B21: 17 | C21: 0 | D21: 0 | E21: 0 | F21: =IF(E20>0,1,0) -> 0 | G21: 3079
A22: 2025-03 | B22: 18 | C22: 0 | D22: 0 | E22: 0.1 | F22: =IF(E21>0,1,0) -> 0 | G22: 5047
A23: 2025-04 | B23: 19 | C23: 0 | D23: 0 | E23: 0 | F23: =IF(E22>0,1,0) -> 1 | G23: 4138
A24: 2025-05 | B24: 20 | C24: 0 | D24: 0 | E24: 0 | F24: =IF(E23>0,1,0) -> 0 | G24: 3611
A25: 2025-06 | B25: 21 | C25: 0 | D25: 0 | E25: 0 | F25: =IF(E24>0,1,0) -> 0 | G25: 3949
A26: 2025-07 | B26: 22 | C26: 0 | D26: 0 | E26: 0 | F26: =IF(E25>0,1,0) -> 0 | G26: 3997
A27: 2025-08 | B27: 23 | C27: 1 | D27: 0 | E27: 0 | F27: =IF(E26>0,1,0) -> 0 | G27: 5984
A28: 2025-09 | B28: 24 | C28: 1 | D28: 0 | E28: 0 | F28: =IF(E27>0,1,0) -> 0 | G28: 7310
A29: 2025-10 | B29: 25 | C29: 0 | D29: 0 | E29: 0 | F29: =IF(E28>0,1,0) -> 0 | G29: 3751
A30: 2025-11 | B30: 26 | C30: 0 | D30: 0 | E30: 0 | F30: =IF(E29>0,1,0) -> 0 | G30: 5389
... A40: 2026-09 | B40: 36 | C40: 1 | D40: 0 | E40: 0 | F40: =IF(E39>0,1,0) -> 0 | G40: 5897
A41: Ba dòng nền xám = tháng tương lai (lịch KM 10–12/2026 đã duyệt). | B41: 37 | C41: 0 | D41: 0 | E41: 0 | F41: =IF(E40>0,1,0) -> 0
A42: 2026-11 | B42: 38 | C42: 0 | D42: 0 | E42: 0.25 | F42: =IF(E41>0,1,0) -> 0
A43: 2026-12 | B43: 39 | C43: 0 | D43: 0 | E43: 0 | F43: =IF(E42>0,1,0) -> 1

Sheet Bai2_BaselineUplift
A1: Bài 2 · Baseline và uplift
A2: Khớp = b0 + Σ b·x. Baseline = Khớp − b(giảm giá)·giảm giá − b(sau KM)·sau KM.
A4: Tháng | B4: y | C4: Khớp | D4: Baseline | E4: Uplift
A5: 2023-10 | B5: =Bai1_HoiQuy!G5 -> 5927
A6: 2023-11 | B6: =Bai1_HoiQuy!G6 -> 3020
A7: 2023-12 | B7: =Bai1_HoiQuy!G7 -> 4719
A8: 2024-01 | B8: =Bai1_HoiQuy!G8 -> 3517
A9: 2024-02 | B9: =Bai1_HoiQuy!G9 -> 6222
A10: 2024-03 | B10: =Bai1_HoiQuy!G10 -> 2530
A11: 2024-04 | B11: =Bai1_HoiQuy!G11 -> 3265
A12: 2024-05 | B12: =Bai1_HoiQuy!G12 -> 3532
A13: 2024-06 | B13: =Bai1_HoiQuy!G13 -> 3586
A14: 2024-07 | B14: =Bai1_HoiQuy!G14 -> 3542
A15: 2024-08 | B15: =Bai1_HoiQuy!G15 -> 4410
A16: 2024-09 | B16: =Bai1_HoiQuy!G16 -> 7911
... A40: 2026-09 | B40: =Bai1_HoiQuy!G40 -> 5897

Sheet Bai3_KM_T11
A1: Bài 3 · Đợt 'Trưng bày + giảm 25%' tháng 11/2026 (đã duyệt)
A2: Marketing kỳ vọng tăng 110%. Mô hình nói gì?
A4: Chỉ tiêu | B4: 10/2026 | C4: 11/2026 | D4: 12/2026
A5: Mức giảm giá | B5: =Bai1_HoiQuy!E41 -> 0 | C5: =Bai1_HoiQuy!E42 -> 0.25 | D5: =Bai1_HoiQuy!E43 -> 0
A6: Dự báo (khớp)
A7: Baseline
A8: Uplift (thùng)
A9: Uplift %
A10: Kỳ vọng Marketing % | B10: 0 | C10: 1.1 | D10: 0
A11: Dự báo theo Marketing
A13: Chênh lệch dự báo T11 (Marketing − mô hình)
A14: Câu hỏi đóng vai: Marketing nói 'giảm 25% chắc chắn tăng 110%'. Bạn hỏi 3 câu gì để kiểm chứng? (đợt tương tự trước? trưng bày ở bao nhiêu cửa hàng? đối thủ?)

Sheet Bai4_LaiGop
A1: Bài 4 · Khuyến mãi tăng sản lượng — có tăng lãi gộp không?
A2: Tính cho 2 tháng (tháng KM + tháng sau). Đơn vị: nghìn đồng.
A4: Tham số | B4: Giá trị | C4: Ghi chú
A5: Giá bán NPP (nghìn đồng/thùng) | B5: 280 | C5: sku_master
A6: Giá vốn (nghìn đồng/thùng) | B6: 180 | C6: sku_master
A7: Mức giảm giá | B7: 0.25 | C7: Phiếu KM
A8: Phí trưng bày trả chuỗi (nghìn đồng) | B8: 60000 | C8: Giả định trong phiếu KM
A10: Baseline T11 (thùng) | B10: =Bai3_KM_T11!C7 -> 0
A11: Dự báo T11 có KM (thùng) | B11: =Bai3_KM_T11!C6 -> 0
A12: Baseline T12 (thùng) | B12: =Bai3_KM_T11!D7 -> 0
A13: Sụt tháng sau KM (thùng, từ hệ số) | B13: =Bai1_HoiQuy!J10 -> 0
A15: Kết quả | B15: Giá trị
A16: Lãi gộp 2 tháng — KHÔNG KM
A17: Lãi gộp 2 tháng — CÓ KM (sau phí trưng bày)
A18: Chênh lệch (CÓ − KHÔNG)
A19: Uplift hòa vốn (%)
A20: Uplift mô hình (%)
A22: Khuyến nghị 5 dòng (viết vào ô dưới)

Sheet Bai5_PhieuKM
A1: Bài 5 · Phiếu thông tin khuyến mãi (Marketing → Demand Planning)
A2: Mẫu dùng thật: không có phiếu đủ thông tin = không đưa uplift vào forecast.
A4: Trường thông tin | B4: Ví dụ (K01 · T11/2026) | C4: Vì sao Demand Planner cần
A5: Mã KM / SKU / kênh / khách hàng | B5: P165 · K01 · MT · Chuỗi A, B | C5: Dự báo ở đúng cấp SKU × kênh
A6: Thời gian (từ ngày – đến ngày) | B6: 01/11–30/11/2026 | C6: Phân bổ uplift vào đúng tháng/tuần
A7: Cơ chế & mức giảm | B7: Trưng bày + giảm 25% | C7: Biến giải thích trong mô hình
A8: Số cửa hàng tham gia / trưng bày | B8: ~420 cửa hàng, ụ trưng bày cuối kệ | C8: Quy mô uplift
A9: Đợt tương tự trước & kết quả | B9: P1xx 11/2025: giảm 20%, uplift thực tế ~50% | C9: Kiểm chứng kỳ vọng
A10: Uplift kỳ vọng & căn cứ | B10: +110% (theo brand team) | C10: So với mô hình
A11: Ngân sách / đồng tài trợ | B11: Phí trưng bày 60 triệu; NCC chưa tài trợ | C11: Tính lãi gộp
A12: Sản phẩm có thể bị ăn lạm | B12: Snack khác của MBF? đối thủ? | C12: Điều chỉnh SKU liên quan
A13: Rủi ro tồn sau KM / hạn dùng | B13: Hạn 240 ngày | C13: Kế hoạch tồn kho
A14: Người phê duyệt & ngày chốt | B14: Trưởng Marketing · chốt trước 15/10 | C14: Vùng đóng băng của kế hoạch

Sheet MoRong_NPD
A1: Mở rộng · Sản phẩm mới N05 Mì trộn xốt cay
A2: Kế hoạch ra mắt (Marketing): lấp đầy kênh = số cửa hàng × thùng/cửa hàng; bán lặp lại tăng dần đến mức ổn định.
A4: Tháng | B4: Tháng thứ | C4: Thực tế MT | D4: Kế hoạch lấp đầy | E4: Kế hoạch lặp lại | F4: Kế hoạch tổng | H4: Kế hoạch ra mắt kênh MT | I4: Giá trị
A5: 2025-07 | B5: 1 | C5: 9382 | H5: Số cửa hàng MT | I5: 1300
A6: 2025-08 | B6: 2 | C6: 4756 | H6: Thùng lấp đầy/cửa hàng | I6: 6
A7: 2025-09 | B7: 3 | C7: 1825 | H7: Mức bán lặp lại ổn định (thùng/tháng) | I7: 2600
A8: 2025-10 | B8: 4 | C8: 3547 | H8: Tốc độ đạt ổn định: tháng 1 = % mức ổn định | I8: 0.55
A9: 2025-11 | B9: 5 | C9: 1887 | H9: Tăng thêm mỗi tháng (điểm %) | I9: 0.09
A10: 2025-12 | B10: 6 | C10: 2504
A11: 2026-01 | B11: 7 | C11: 3603
A12: 2026-02 | B12: 8 | C12: 2020 | H12: Câu hỏi: Tháng 2 thực tế cao hơn kế hoạch — vì sao? (lấp đầy kéo dài 2 tháng, cửa hàng đặt bổ sung)
A13: 2026-03 | B13: 9 | C13: 3236 | H13: Sau 4 tuần đầu: nhìn tốc độ bán lại (sell-out) chứ không nhìn sell-in tháng ra mắt.
A14: 2026-04 | B14: 10 | C14: 3257
A15: 2026-05 | B15: 11 | C15: 3230
A16: 2026-06 | B16: 12 | C16: 2369
A17: 2026-07 | B17: 13 | C17: 2380
A18: 2026-08 | B18: 14 | C18: 2831
A19: 2026-09 | B19: 15 | C19: 2739
